{"cameraMode":{"drawMode":0,"name":"Shaded","section":"Shading Mode"},"sceneLighting":false,"audioPlay":false,"sceneViewState":{"showFog":true,"showMaterialUpdate":false,"showSkybox":false,"showFlares":true,"showImageEffects":true,"showParticleSystems":true},"in2DMode":false,"pivot":{"x":11.571430206298829,"y":-2.9251179695129396,"z":-1.1466898918151856},"rotation":{"x":-0.3042527735233307,"y":-0.5080123543739319,"z":0.19786718487739564,"w":-0.7811684608459473},"size":2.234360694885254,"orthographic":false}